FZ,C3,CZ,C4,PZ,PO7,OZ,PO8,Counter,Validation
148076.828125,148275.21875,148449.03125,148583.765625,148415.328125,148460.109375,148665.484375,148476.5625,4671.0,0.0
151654.984375,151855.25,152026.46875,152164.328125,151994.1875,152040.6875,152246.046875,152055.703125,4672.0,1.0
151654.984375,151855.25,152026.46875,152164.328125,151994.1875,152040.6875,152246.046875,152055.703125,4673.0,0.0
144651.90625,144848.703125,145024.921875,145156.796875,144990.234375,145033.234375,145237.984375,145050.578125,4674.0,1.0
144651.90625,144848.703125,145024.921875,145156.796875,144990.234375,145033.234375,145237.984375,145050.578125,4675.0,0.0
152294.59375,152495.953125,152666.890625,152804.84375,152634.265625,152681.109375,152886.5625,152696.03125,4676.0,1.0
152294.59375,152495.953125,152666.890625,152804.84375,152634.265625,152681.109375,152886.5625,152696.03125,4677.0,0.0
147008.6875,147206.890625,147381.515625,147514.8125,147347.53125,147392.15625,147596.796875,147408.421875,4678.0,1.0
147008.6875,147206.890625,147381.515625,147514.8125,147347.53125,147392.15625,147596.796875,147408.421875,4679.0,0.0
147871.015625,148069.578125,148243.84375,148378.75,148209.859375,148255.015625,148459.84375,148270.84375,4680.0,1.0
147871.015625,148069.578125,148243.84375,148378.75,148209.859375,148255.015625,148459.84375,148270.84375,4681.0,0.0
151648.546875,151848.453125,152020.125,152157.625,151987.9375,152034.609375,152239.796875,152049.359375,4682.0,1.0
151648.546875,151848.453125,152020.125,152157.625,151987.9375,152034.609375,152239.796875,152049.359375,4683.0,0.0
144572.96875,144769.578125,144945.796875,145077.046875,144910.5625,144954.46875,145159.03125,144971.0,4684.0,1.0
144572.96875,144769.578125,144945.796875,145077.046875,144910.5625,144954.46875,145159.03125,144971.0,4685.0,0.0
152192.40625,152393.125,152564.25,152702.75,152532.15625,152579.0,152783.921875,152593.671875,4686.0,1.0
152192.40625,152393.125,152564.25,152702.75,152532.15625,152579.0,152783.921875,152593.671875,4687.0,0.0
147098.453125,147296.484375,147471.09375,147605.03125,147436.9375,147481.640625,147686.46875,147497.5625,4688.0,1.0
147098.453125,147296.484375,147471.09375,147605.03125,147436.9375,147481.640625,147686.46875,147497.5625,4689.0,0.0
147765.59375,147964.0,148137.984375,148272.984375,148104.28125,148149.515625,148353.984375,148165.25,4690.0,1.0
147765.59375,147964.0,148137.984375,148272.984375,148104.28125,148149.515625,148353.984375,148165.25,4691.0,0.0
151757.984375,151958.96875,152130.1875,152267.515625,152097.546875,152144.578125,152349.40625,152159.15625,4692.0,1.0
151757.984375,151958.96875,152130.1875,152267.515625,152097.546875,152144.578125,152349.40625,152159.15625,4693.0,0.0
144616.0625,144812.75,144988.984375,145120.578125,144953.9375,144997.65625,145202.125,145014.1875,4694.0,1.0
144616.0625,144812.75,144988.984375,145120.578125,144953.9375,144997.65625,145202.125,145014.1875,4695.0,0.0
152207.4375,152408.140625,152578.828125,152717.3125,152546.46875,152593.84375,152798.671875,152607.890625,4696.0,1.0
152207.4375,152408.140625,152578.828125,152717.3125,152546.46875,152593.84375,152798.671875,152607.890625,4697.0,0.0
147294.6875,147492.828125,147667.796875,147801.28125,147633.8125,147678.15625,147883.265625,147694.4375,4698.0,1.0
147294.6875,147492.828125,147667.796875,147801.28125,147633.8125,147678.15625,147883.265625,147694.4375,4699.0,0.0
147754.96875,147953.171875,148127.796875,148262.078125,148093.640625,148138.78125,148343.703125,148154.796875,4700.0,1.0
147754.96875,147953.171875,148127.796875,148262.078125,148093.640625,148138.78125,148343.703125,148154.796875,4701.0,0.0
151946.09375,152146.0,152317.578125,152455.171875,152285.03125,152331.53125,152537.34375,152346.71875,4702.0,1.0
151946.09375,152146.0,152317.578125,152455.171875,152285.03125,152331.53125,152537.34375,152346.71875,4703.0,0.0
144723.4375,144920.046875,145096.53125,145228.40625,145061.578125,145105.296875,145310.125,145122.1875,4704.0,1.0
147752.546875,147950.578125,148124.921875,148259.84375,148091.125,148136.28125,148341.5625,148152.640625,4705.0,1.0
147752.546875,147950.578125,148124.921875,148259.84375,148091.125,148136.28125,148341.5625,148152.640625,4706.0,0.0
152019.046875,152219.328125,152390.796875,152528.671875,152358.53125,152405.375,152610.5625,152420.3125,4707.0,1.0
152019.046875,152219.328125,152390.796875,152528.671875,152358.53125,152405.375,152610.5625,152420.3125,4708.0,0.0
144751.0625,144947.40625,145124.15625,145255.671875,145088.75,145132.390625,145337.484375,145149.375,4709.0,1.0
144751.0625,144947.40625,145124.15625,145255.671875,145088.75,145132.390625,145337.484375,145149.375,4710.0,0.0
152229.515625,152430.328125,152601.359375,152739.40625,152568.90625,152615.484375,152821.125,152630.5,4711.0,1.0
152229.515625,152430.328125,152601.359375,152739.40625,152568.90625,152615.484375,152821.125,152630.5,4712.0,0.0
147554.953125,147753.171875,147927.34375,148061.0,147893.09375,147938.421875,148143.25,147954.15625,4713.0,1.0
147554.953125,147753.171875,147927.34375,148061.0,147893.09375,147938.421875,148143.25,147954.15625,4714.0,0.0
147659.921875,147858.40625,148032.578125,148166.859375,147998.6875,148043.484375,148248.84375,148059.390625,4715.0,1.0
147659.921875,147858.40625,148032.578125,148166.859375,147998.6875,148043.484375,148248.84375,148059.390625,4716.0,0.0
152077.96875,152278.234375,152449.640625,152587.671875,152417.265625,152463.671875,152669.84375,152478.6875,4717.0,1.0
152077.96875,152278.234375,152449.640625,152587.671875,152417.265625,152463.671875,152669.84375,152478.6875,4718.0,0.0
144717.09375,144913.421875,145089.921875,145221.890625,145054.875,145098.140625,145303.59375,145115.21875,4719.0,1.0
144717.09375,144913.421875,145089.921875,145221.890625,145054.875,145098.140625,145303.59375,145115.21875,4720.0,0.0
152124.453125,152324.734375,152495.859375,152634.171875,152463.578125,152510.609375,152716.25,152525.09375,4721.0,1.0
152124.453125,152324.734375,152495.859375,152634.171875,152463.578125,152510.609375,152716.25,152525.09375,4722.0,0.0
147621.75,147820.140625,147994.21875,148128.5,147960.421875,148005.484375,148210.40625,148021.125,4723.0,1.0
147621.75,147820.140625,147994.21875,148128.5,147960.421875,148005.484375,148210.40625,148021.125,4724.0,0.0
147509.890625,147707.84375,147882.1875,148016.75,147848.390625,147893.359375,148098.46875,147909.453125,4725.0,1.0
147509.890625,147707.84375,147882.1875,148016.75,147848.390625,147893.359375,148098.46875,147909.453125,4726.0,0.0
152117.390625,152317.671875,152488.4375,152627.109375,152456.96875,152503.546875,152708.828125,152518.390625,4727.0,1.0
152117.390625,152317.671875,152488.4375,152627.109375,152456.96875,152503.546875,152708.828125,152518.390625,4728.0,0.0
144705.375,144902.4375,145078.5625,145210.171875,145043.609375,145086.96875,145291.796875,145104.21875,4729.0,1.0
144705.375,144902.4375,145078.5625,145210.171875,145043.609375,145086.96875,145291.796875,145104.21875,4730.0,0.0
152050.25,152250.609375,152422.0,152560.140625,152389.8125,152436.046875,152641.671875,152450.609375,4731.0,1.0
152050.25,152250.609375,152422.0,152560.140625,152389.8125,152436.046875,152641.671875,152450.609375,4732.0,0.0
147742.171875,147940.296875,148114.5625,148249.109375,148081.203125,148125.546875,148330.921875,148141.640625,4733.0,1.0
147742.171875,147940.296875,148114.5625,148249.109375,148081.203125,148125.546875,148330.921875,148141.640625,4734.0,0.0
147435.25,147633.1875,147807.53125,147942.0,147773.828125,147818.703125,148023.625,147834.265625,4735.0,1.0
147435.25,147633.1875,147807.53125,147942.0,147773.828125,147818.703125,148023.625,147834.265625,4736.0,0.0
152238.71875,152439.265625,152610.46875,152748.609375,152578.46875,152625.140625,152830.59375,152639.71875,4737.0,1.0
152238.71875,152439.265625,152610.46875,152748.609375,152578.46875,152625.140625,152830.59375,152639.71875,4738.0,0.0
144792.375,144989.421875,145165.203125,145297.34375,145130.6875,145174.140625,145379.15625,145191.21875,4739.0,1.0
144792.375,144989.421875,145165.203125,145297.34375,145130.6875,145174.140625,145379.15625,145191.21875,4740.0,0.0
152078.421875,152278.953125,152449.90625,152587.671875,152417.53125,152464.03125,152669.9375,152478.953125,4741.0,1.0
152078.421875,152278.953125,152449.90625,152587.671875,152417.53125,152464.03125,152669.9375,152478.953125,4742.0,0.0
147986.53125,148184.5625,148358.546875,148493.203125,148325.203125,148369.640625,148575.09375,148385.8125,4743.0,1.0
147986.53125,148184.5625,148358.546875,148493.203125,148325.203125,148369.640625,148575.09375,148385.8125,4744.0,0.0
147508.5625,147706.765625,147880.9375,148015.40625,147846.96875,147891.484375,148096.9375,147907.765625,4745.0,1.0
147508.5625,147706.765625,147880.9375,148015.40625,147846.96875,147891.484375,148096.9375,147907.765625,4746.0,0.0
152501.125,152702.03125,152872.625,153011.734375,152840.703125,152887.546875,153093.28125,152902.125,4747.0,1.0
152501.125,152702.03125,152872.625,153011.734375,152840.703125,152887.546875,153093.28125,152902.125,4748.0,0.0
145008.375,145205.171875,145380.9375,145513.265625,145345.984375,145389.703125,145595.0625,145406.6875,4749.0,1.0
145008.375,145205.171875,145380.9375,145513.265625,145345.984375,145389.703125,145595.0625,145406.6875,4750.0,0.0
152230.765625,152431.65625,152602.4375,152740.75,152570.328125,152617.09375,152822.734375,152631.84375,4751.0,1.0
152230.765625,152431.65625,152602.4375,152740.75,152570.328125,152617.09375,152822.734375,152631.84375,4752.0,0.0
148347.8125,148547.109375,148720.296875,148855.734375,148686.765625,148731.734375,148936.75,148747.375,4753.0,1.0
148347.8125,148547.109375,148720.296875,148855.734375,148686.765625,148731.734375,148936.75,148747.375,4754.0,0.0
147716.609375,147914.90625,148088.625,148223.28125,148055.09375,148099.890625,148304.8125,148116.171875,4755.0,1.0
147716.609375,147914.90625,148088.625,148223.28125,148055.09375,148099.890625,148304.8125,148116.171875,4756.0,0.0
152895.234375,153095.953125,153265.921875,153405.390625,153234.53125,153281.65625,153487.203125,153295.78125,4757.0,1.0
152895.234375,153095.953125,153265.921875,153405.390625,153234.53125,153281.65625,153487.203125,153295.78125,4758.0,0.0
145342.578125,145539.8125,145715.328125,145847.828125,145680.984375,145724.703125,145929.265625,145741.25,4759.0,1.0
145342.578125,145539.8125,145715.328125,145847.828125,145680.984375,145724.703125,145929.265625,145741.25,4760.0,0.0
152446.765625,152647.140625,152818.4375,152957.109375,152785.984375,152832.828125,153038.28125,152847.578125,4761.0,1.0
152446.765625,152647.140625,152818.4375,152957.109375,152785.984375,152832.828125,153038.28125,152847.578125,4762.0,0.0
148745.953125,148944.515625,149117.796875,149253.6875,149084.625,149129.859375,149335.234375,149145.78125,4763.0,1.0
148745.953125,148944.515625,149117.796875,149253.6875,149084.625,149129.859375,149335.234375,149145.78125,4764.0,0.0
147850.453125,148048.9375,148222.734375,148357.390625,148188.859375,148233.734375,148438.921875,148249.65625,4765.0,1.0
147850.453125,148048.9375,148222.734375,148357.390625,148188.859375,148233.734375,148438.921875,148249.65625,4766.0,0.0
153169.8125,153371.234375,153541.296875,153680.5,153509.546875,153556.765625,153761.953125,153570.890625,4767.0,1.0
153169.8125,153371.234375,153541.296875,153680.5,153509.546875,153556.765625,153761.953125,153570.890625,4768.0,0.0
145604.8125,145801.859375,145977.640625,146110.046875,145942.6875,145986.40625,146191.5,146003.296875,4769.0,1.0
145604.8125,145801.859375,145977.640625,146110.046875,145942.6875,145986.40625,146191.5,146003.296875,4770.0,0.0
152613.515625,152814.140625,152984.46875,153123.578125,152952.8125,152999.75,153204.859375,153014.15625,4771.0,1.0
152613.515625,152814.140625,152984.46875,153123.578125,152952.8125,152999.75,153204.859375,153014.15625,4772.0,0.0
149068.703125,149267.546875,149441.0,149576.09375,149407.203125,149452.625,149657.984375,149468.171875,4773.0,1.0
149068.703125,149267.546875,149441.0,149576.09375,149407.203125,149452.625,149657.984375,149468.171875,4774.0,0.0
147920.8125,148119.296875,148293.1875,148427.578125,148259.3125,148304.28125,148509.109375,148319.921875,4775.0,1.0
147920.8125,148119.296875,148293.1875,148427.578125,148259.3125,148304.28125,148509.109375,148319.921875,4776.0,0.0
153371.515625,153572.3125,153742.375,153881.75,153710.625,153757.84375,153963.5625,153772.046875,4777.0,1.0
153371.515625,153572.3125,153742.375,153881.75,153710.625,153757.84375,153963.5625,153772.046875,4778.0,0.0
145739.015625,145935.984375,146111.484375,146244.15625,146076.609375,146120.78125,146325.796875,146137.40625,4779.0,1.0
145739.015625,145935.984375,146111.484375,146244.15625,146076.609375,146120.78125,146325.796875,146137.40625,4780.0,0.0
152622.28125,152822.90625,152993.9375,153131.984375,152961.578125,153008.609375,153213.890625,153023.09375,4781.0,1.0
152622.28125,152822.90625,152993.9375,153131.984375,152961.578125,153008.609375,153213.890625,153023.09375,4782.0,0.0
149269.25,149468.359375,149641.453125,149776.984375,149608.015625,149653.875,149858.890625,149669.4375,4783.0,1.0
149269.25,149468.359375,149641.453125,149776.984375,149608.015625,149653.875,149858.890625,149669.4375,4784.0,0.0
147889.609375,148088.0,148261.90625,148396.640625,148228.109375,148273.25,148478.078125,148289.171875,4785.0,1.0
147889.609375,148088.0,148261.90625,148396.640625,148228.109375,148273.25,148478.078125,148289.171875,4786.0,0.0
153487.921875,153689.171875,153858.78125,153998.515625,153827.484375,153874.875,154080.234375,153888.90625,4787.0,1.0
153487.921875,153689.171875,153858.78125,153998.515625,153827.484375,153874.875,154080.234375,153888.90625,4788.0,0.0
145819.921875,146017.515625,146193.015625,146325.515625,146158.0625,146202.5,146407.15625,146218.6875,4789.0,1.0
145819.921875,146017.515625,146193.015625,146325.515625,146158.0625,146202.5,146407.15625,146218.6875,4790.0,0.0
152593.84375,152795.015625,152965.6875,153104.09375,152933.59375,152980.359375,153185.984375,152994.75,4791.0,1.0
152593.84375,152795.015625,152965.6875,153104.09375,152933.59375,152980.359375,153185.984375,152994.75,4792.0,0.0
149452.625,149652.0,149824.734375,149960.71875,149791.46875,149837.34375,150042.703125,149852.546875,4793.0,1.0
149452.625,149652.0,149824.734375,149960.71875,149791.46875,149837.34375,150042.703125,149852.546875,4794.0,0.0
147857.78125,148056.359375,148230.25,148364.984375,148196.546875,148241.515625,148446.53125,148257.421875,4795.0,1.0
147857.78125,148056.359375,148230.25,148364.984375,148196.546875,148241.515625,148446.53125,148257.421875,4796.0,0.0
153622.03125,153823.28125,153992.625,154132.71875,153961.78125,154008.890625,154214.265625,154023.28125,4797.0,1.0
153622.03125,153823.28125,153992.625,154132.71875,153961.78125,154008.890625,154214.265625,154023.28125,4798.0,0.0
145959.84375,146156.8125,146332.046875,146464.640625,146297.71875,146341.96875,146546.625,146358.609375,4799.0,1.0
147890.59375,148088.890625,148262.609375,148397.078125,148229.265625,148274.140625,148479.15625,148289.890625,4800.0,1.0
147890.59375,148088.890625,148262.609375,148397.078125,148229.265625,148274.140625,148479.15625,148289.890625,4801.0,0.0
153738.796875,153939.515625,154109.5625,154249.03125,154078.265625,154125.484375,154330.9375,154139.78125,4802.0,1.0
153738.796875,153939.515625,154109.5625,154249.03125,154078.265625,154125.484375,154330.9375,154139.78125,4803.0,0.0
146062.40625,146259.8125,146435.046875,146568.078125,146400.71875,146444.875,146649.71875,146461.328125,4804.0,1.0
146062.40625,146259.8125,146435.046875,146568.078125,146400.71875,146444.875,146649.71875,146461.328125,4805.0,0.0
152679.3125,152880.3125,153050.8125,153189.5625,153019.515625,153065.921875,153271.375,153080.484375,4806.0,1.0
152679.3125,152880.3125,153050.8125,153189.5625,153019.515625,153065.921875,153271.375,153080.484375,4807.0,0.0
149850.03125,150049.40625,150221.96875,150358.40625,150189.328125,150235.015625,150440.484375,150250.125,4808.0,1.0
149850.03125,150049.40625,150221.96875,150358.40625,150189.328125,150235.015625,150440.484375,150250.125,4809.0,0.0
147952.375,148151.21875,148324.578125,148459.484375,148291.40625,148336.375,148541.390625,148352.015625,4810.0,1.0
147952.375,148151.21875,148324.578125,148459.484375,148291.40625,148336.375,148541.390625,148352.015625,4811.0,0.0
153945.765625,154147.65625,154316.71875,154456.546875,154285.609375,154333.34375,154538.8125,154346.84375,4812.0,1.0
153945.765625,154147.65625,154316.71875,154456.546875,154285.609375,154333.34375,154538.8125,154346.84375,4813.0,0.0
146254.171875,146452.03125,146626.734375,146760.046875,146592.5,146637.203125,146841.765625,146653.296875,4814.0,1.0
146254.171875,146452.03125,146626.734375,146760.046875,146592.5,146637.203125,146841.765625,146653.296875,4815.0,0.0
152758.71875,152959.796875,153129.75,153268.6875,153098.015625,153145.046875,153350.3125,153159.34375,4816.0,1.0
152758.71875,152959.796875,153129.75,153268.6875,153098.015625,153145.046875,153350.3125,153159.34375,4817.0,0.0
150132.203125,150331.671875,150503.421875,150640.21875,150471.328125,150517.1875,150722.203125,150531.9375,4818.0,1.0
150132.203125,150331.671875,150503.421875,150640.21875,150471.328125,150517.1875,150722.203125,150531.9375,4819.0,0.0
148037.3125,148236.234375,148409.6875,148544.96875,148376.515625,148421.671875,148626.5,148437.234375,4820.0,1.0
148037.3125,148236.234375,148409.6875,148544.96875,148376.515625,148421.671875,148626.5,148437.234375,4821.0,0.0
154173.484375,154375.015625,154543.90625,154684.1875,154513.0625,154560.53125,154766.609375,154574.484375,4822.0,1.0
154173.484375,154375.015625,154543.90625,154684.1875,154513.0625,154560.53125,154766.609375,154574.484375,4823.0,0.0
146475.375,146673.671875,146848.015625,146981.40625,146814.21875,146858.296875,147063.046875,146874.921875,4824.0,1.0
146475.375,146673.671875,146848.015625,146981.40625,146814.21875,146858.296875,147063.046875,146874.921875,4825.0,0.0
152860.71875,153061.71875,153232.125,153371.15625,153200.734375,153247.234375,153453.140625,153261.984375,4826.0,1.0
152860.71875,153061.71875,153232.125,153371.15625,153200.734375,153247.234375,153453.140625,153261.984375,4827.0,0.0
150432.34375,150631.90625,150803.921875,150940.984375,150771.375,150817.6875,151023.234375,150832.890625,4828.0,1.0
150432.34375,150631.90625,150803.921875,150940.984375,150771.375,150817.6875,151023.234375,150832.890625,4829.0,0.0
148128.421875,148327.34375,148500.34375,148635.171875,148467.0,148512.15625,148717.515625,148528.0625,4830.0,1.0
148128.421875,148327.34375,148500.34375,148635.171875,148467.0,148512.15625,148717.515625,148528.0625,4831.0,0.0
154388.875,154590.84375,154759.375,154899.75,154728.625,154775.828125,154981.640625,154790.3125,4832.0,1.0
154388.875,154590.84375,154759.375,154899.75,154728.625,154775.828125,154981.640625,154790.3125,4833.0,0.0
146674.84375,146873.234375,147047.484375,147180.796875,147013.6875,147058.03125,147262.953125,147074.3125,4834.0,1.0
146674.84375,146873.234375,147047.484375,147180.796875,147013.6875,147058.03125,147262.953125,147074.3125,4835.0,0.0
152931.09375,153131.890625,153302.046875,153441.0625,153270.921875,153317.59375,153523.046875,153332.265625,4836.0,1.0
152931.09375,153131.890625,153302.046875,153441.0625,153270.921875,153317.59375,153523.046875,153332.265625,4837.0,0.0
150703.0625,150902.796875,151074.546875,151211.53125,151042.09375,151088.328125,151293.875,151103.703125,4838.0,1.0
150703.0625,150902.796875,151074.546875,151211.53125,151042.09375,151088.328125,151293.875,151103.703125,4839.0,0.0
148201.90625,148400.65625,148574.109375,148708.9375,148541.125,148585.828125,148791.1875,148602.09375,4840.0,1.0
148201.90625,148400.65625,148574.109375,148708.9375,148541.125,148585.828125,148791.1875,148602.09375,4841.0,0.0
154587.4375,154789.234375,154957.859375,155098.671875,154927.375,154974.578125,155180.84375,154989.15625,4842.0,1.0
154587.4375,154789.234375,154957.859375,155098.671875,154927.375,154974.578125,155180.84375,154989.15625,4843.0,0.0
146882.625,147080.75,147255.171875,147388.75,147221.5625,147265.640625,147470.640625,147282.0,4844.0,1.0
146882.625,147080.75,147255.171875,147388.75,147221.5625,147265.640625,147470.640625,147282.0,4845.0,0.0
152996.53125,153197.171875,153367.671875,153506.421875,153336.109375,153382.6875,153588.953125,153397.4375,4846.0,1.0
152996.53125,153197.171875,153367.671875,153506.421875,153336.109375,153382.6875,153588.953125,153397.4375,4847.0,0.0
150968.15625,151167.8125,151339.5625,151476.890625,151307.09375,151353.140625,151559.234375,151368.34375,4848.0,1.0
150968.15625,151167.8125,151339.5625,151476.890625,151307.09375,151353.140625,151559.234375,151368.34375,4849.0,0.0
148259.9375,148458.0625,148632.046875,148766.875,148598.703125,148643.40625,148848.953125,148659.40625,4850.0,1.0
148259.9375,148458.0625,148632.046875,148766.875,148598.703125,148643.40625,148848.953125,148659.40625,4851.0,0.0
154752.9375,154954.546875,155123.703125,155264.078125,155092.421875,155140.34375,155345.890625,155154.46875,4852.0,1.0
154752.9375,154954.546875,155123.703125,155264.078125,155092.421875,155140.34375,155345.890625,155154.46875,4853.0,0.0
147059.109375,147257.234375,147431.484375,147565.328125,147398.140625,147442.125,147647.046875,147458.3125,4854.0,1.0
147059.109375,147257.234375,147431.484375,147565.328125,147398.140625,147442.125,147647.046875,147458.3125,4855.0,0.0
153023.453125,153224.875,153394.9375,153533.609375,153363.375,153410.125,153615.765625,153424.890625,4856.0,1.0
153023.453125,153224.875,153394.9375,153533.609375,153363.375,153410.125,153615.765625,153424.890625,4857.0,0.0
151205.453125,151405.1875,151577.015625,151714.078125,151543.84375,151590.703125,151796.25,151605.625,4858.0,1.0
151205.453125,151405.1875,151577.015625,151714.078125,151543.84375,151590.703125,151796.25,151605.625,4859.0,0.0
148283.53125,148482.109375,148655.734375,148790.5625,148622.75,148667.8125,148873.0,148683.453125,4860.0,1.0
148283.53125,148482.109375,148655.734375,148790.5625,148622.75,148667.8125,148873.0,148683.453125,4861.0,0.0
154904.5625,155106.09375,155275.078125,155415.796875,155244.5,155292.15625,155497.875,155305.828125,4862.0,1.0
154904.5625,155106.09375,155275.078125,155415.796875,155244.5,155292.15625,155497.875,155305.828125,4863.0,0.0
147220.671875,147418.96875,147593.140625,147726.796875,147559.78125,147603.6875,147808.78125,147619.953125,4864.0,1.0
147220.671875,147418.96875,147593.140625,147726.796875,147559.78125,147603.6875,147808.78125,147619.953125,4865.0,0.0
153040.703125,153241.15625,153411.828125,153550.953125,153380.0,153427.03125,153632.75,153441.328125,4866.0,1.0
153040.703125,153241.15625,153411.828125,153550.953125,153380.0,153427.03125,153632.75,153441.328125,4867.0,0.0
151432.359375,151631.828125,151803.3125,151941.4375,151771.390625,151817.796875,152022.890625,151832.640625,4868.0,1.0
151432.359375,151631.828125,151803.3125,151941.4375,151771.390625,151817.796875,152022.890625,151832.640625,4869.0,0.0
148313.578125,148512.234375,148685.953125,148820.875,148652.421875,148697.484375,148902.765625,148713.21875,4870.0,1.0
148313.578125,148512.234375,148685.953125,148820.875,148652.421875,148697.484375,148902.765625,148713.21875,4871.0,0.0
155054.328125,155256.203125,155425.015625,155566.09375,155394.25,155441.734375,155647.90625,155456.21875,4872.0,1.0
155054.328125,155256.203125,155425.015625,155566.09375,155394.25,155441.734375,155647.90625,155456.21875,4873.0,0.0
147391.34375,147589.5625,147763.8125,147897.921875,147729.921875,147774.625,147979.546875,147791.078125,4874.0,1.0
147391.34375,147589.5625,147763.8125,147897.921875,147729.921875,147774.625,147979.546875,147791.078125,4875.0,0.0
153056.625,153257.328125,153427.203125,153566.6875,153396.625,153442.765625,153648.484375,153457.609375,4876.0,1.0
153056.625,153257.328125,153427.203125,153566.6875,153396.625,153442.765625,153648.484375,153457.609375,4877.0,0.0
151659.359375,151859.546875,152031.03125,152168.265625,151998.84375,152044.890625,152250.609375,152060.09375,4878.0,1.0
151659.359375,151859.546875,152031.03125,152168.265625,151998.84375,152044.890625,152250.609375,152060.09375,4879.0,0.0
148347.734375,148546.03125,148719.65625,148855.109375,148686.84375,148731.28125,148936.828125,148747.5625,4880.0,1.0
148347.734375,148546.03125,148719.65625,148855.109375,148686.84375,148731.28125,148936.828125,148747.5625,4881.0,0.0
155190.578125,155392.109375,155560.640625,155701.90625,155530.234375,155577.625,155783.890625,155591.9375,4882.0,1.0
155190.578125,155392.109375,155560.640625,155701.90625,155530.234375,155577.625,155783.890625,155591.9375,4883.0,0.0
147555.40625,147753.4375,147927.609375,148061.8125,147894.171875,147938.515625,148144.328125,147954.96875,4884.0,1.0
147555.40625,147753.4375,147927.609375,148061.8125,147894.171875,147938.515625,148144.328125,147954.96875,4885.0,0.0
153062.875,153263.953125,153434.0,153573.125,153402.71875,153449.46875,153655.203125,153464.046875,4886.0,1.0
153062.875,153263.953125,153434.0,153573.125,153402.71875,153449.46875,153655.203125,153464.046875,4887.0,0.0
151876.171875,152076.1875,152247.484375,152385.53125,152215.65625,152262.0625,152467.609375,152276.8125,4888.0,1.0
151876.171875,152076.1875,152247.484375,152385.53125,152215.65625,152262.0625,152467.609375,152276.8125,4889.0,0.0
148368.921875,148567.21875,148741.296875,148875.953125,148707.859375,148752.921875,148958.015625,148768.5625,4890.0,1.0
148368.921875,148567.21875,148741.296875,148875.953125,148707.859375,148752.921875,148958.015625,148768.5625,4891.0,0.0
155312.265625,155513.96875,155682.59375,155823.234375,155651.828125,155699.671875,155905.65625,155713.703125,4892.0,1.0
155312.265625,155513.96875,155682.59375,155823.234375,155651.828125,155699.671875,155905.65625,155713.703125,4893.0,0.0
147707.578125,147905.609375,148079.515625,148213.890625,148046.515625,148090.953125,148296.40625,148107.046875,4894.0,1.0
147707.578125,147905.609375,148079.515625,148213.890625,148046.515625,148090.953125,148296.40625,148107.046875,4895.0,0.0
153062.78125,153263.765625,153433.46875,153572.3125,153402.0,153449.109375,153654.390625,153463.515625,4896.0,1.0
153062.78125,153263.765625,153433.46875,153572.3125,153402.0,153449.109375,153654.390625,153463.515625,4897.0,0.0
152092.09375,152292.546875,152462.953125,152600.828125,152431.125,152477.4375,152683.25,152492.640625,4898.0,1.0
152092.09375,152292.546875,152462.953125,152600.828125,152431.125,152477.4375,152683.25,152492.640625,4899.0,0.0
148397.796875,148596.453125,148769.828125,148904.640625,148736.65625,148781.796875,148986.8125,148797.71875,4900.0,1.0
148397.796875,148596.453125,148769.828125,148904.640625,148736.65625,148781.796875,148986.8125,148797.71875,4901.0,0.0
155441.90625,155644.40625,155812.59375,155953.40625,155782.09375,155830.203125,156035.84375,155843.875,4902.0,1.0
155441.90625,155644.40625,155812.59375,155953.40625,155782.09375,155830.203125,156035.84375,155843.875,4903.0,0.0
147882.1875,148080.671875,148254.203125,148388.59375,148221.125,148265.5625,148471.015625,148282.015625,4904.0,1.0
147882.1875,148080.671875,148254.203125,148388.59375,148221.125,148265.5625,148471.015625,148282.015625,4905.0,0.0
153074.140625,153275.21875,153445.265625,153584.203125,153413.984375,153460.640625,153667.0,153475.671875,4906.0,1.0
153074.140625,153275.21875,153445.265625,153584.203125,153413.984375,153460.640625,153667.0,153475.671875,4907.0,0.0
152318.921875,152519.546875,152690.046875,152828.1875,152658.3125,152704.890625,152910.703125,152719.546875,4908.0,1.0
152318.921875,152519.546875,152690.046875,152828.1875,152658.3125,152704.890625,152910.703125,152719.546875,4909.0,0.0
148437.578125,148636.25,148809.34375,148944.4375,148776.265625,148821.3125,149026.953125,148836.96875,4910.0,1.0
148437.578125,148636.25,148809.34375,148944.4375,148776.265625,148821.3125,149026.953125,148836.96875,4911.0,0.0
155576.109375,155777.890625,155946.609375,156087.0625,155915.9375,155963.78125,156169.859375,155977.453125,4912.0,1.0
155576.109375,155777.890625,155946.609375,156087.0625,155915.9375,155963.78125,156169.859375,155977.453125,4913.0,0.0
148062.796875,148261.09375,148434.640625,148569.28125,148401.375,148446.078125,148651.453125,148461.8125,4914.0,1.0
148062.796875,148261.09375,148434.640625,148569.28125,148401.375,148446.078125,148651.453125,148461.8125,4915.0,0.0
153090.5,153291.21875,153461.359375,153600.65625,153430.0625,153477.015625,153682.5625,153491.3125,4916.0,1.0
153090.5,153291.21875,153461.359375,153600.65625,153430.0625,153477.015625,153682.5625,153491.3125,4917.0,0.0
152552.265625,152753.078125,152923.671875,153062.15625,152892.109375,152938.421875,153144.421875,152953.265625,4918.0,1.0
152552.265625,152753.078125,152923.671875,153062.15625,152892.109375,152938.421875,153144.421875,152953.265625,4919.0,0.0
148485.0625,148683.90625,148857.0,148992.4375,148824.265625,148869.0625,149074.25,148884.984375,4920.0,1.0
